"index","id","name","wikiUrl","assetFile"
"1","abqYLNdjsx092444","rbt5","https://wiki.warthunder.com/unit/ussr_rbt_5",""
"2","AExHMyzEdT159816","kv1（晚）","https://wiki.warthunder.com/unit/ussr_kv_1_zis_5","ussr_kv_1_zis_5.grp"
"3","ajwAlWaPzA684030","黑豹d","https://wiki.warthunder.com/unit/germ_pzkpfw_V_ausf_d_panther","germ_pzkpfw_v_ausf_d_panther.grp"
"4","AWddNDImhb058496","zsu57-2","https://wiki.warthunder.com/unit/ussr_zsu_57_2","ussr_zsu_57_2.grp"
"5","bFBpgFCJEA469020","ztz100","",""
"6","BJlXnaCKSt128391","t72a","https://wiki.warthunder.com/unit/ussr_t_72a","ussr_t_72a.grp"
"7","brjNaZNgSb518688","kv1s","https://wiki.warthunder.com/unit/ussr_kv_1s","ussr_kv_1s.grp"
"8","bYmPFapkrd646150","t72b3","https://wiki.warthunder.com/unit/ussr_t_72b3_2011","ussr_t_72b3.grp"
"9","CDPjxYUvrX349440","kv2","https://wiki.warthunder.com/unit/ussr_kv_2_1939","ussr_kv_2.grp"
"10","CDWjXWcKUJ862347","t55","https://wiki.warthunder.com/unit/ussr_t_55a","ussr_t_55a.grp"
"11","cIcbLxaVta921609","突击虎","https://wiki.warthunder.com/unit/germ_sturmmorser_sturmtiger","germ_sturmmorser_sturmtiger.grp"
"12","CixxElobBz949463","虎王（1-50）","https://wiki.warthunder.com/unit/germ_pzkpfw_VI_ausf_b_tiger_IIp","germ_pzkpfw_vi_ausf_b_tiger.grp"
"13","CQHQLlbCKz997321","三号突击炮f","https://wiki.warthunder.com/unit/germ_stug_III_ausf_F","germ_stug_iii_ausf_f.grp"
"14","dHYxvCkOMH316211","isu152","https://wiki.warthunder.com/unit/ussr_isu_152","ussr_isu_152.grp"
"15","doycduRZVb149869","t55am","https://wiki.warthunder.com/unit/ussr_t_55_am","ussr_t_55am.grp"
"16","dUHlIXjWsg371124","虎e（苏）","https://wiki.warthunder.com/unit/germ_pzkpfw_VI_ausf_e_tiger","germ_pzkpfw_vi_ausf_e_tiger.grp"
"17","DWeLMrILew632459","m4a2（76）（苏）","https://wiki.warthunder.com/unit/ussr_m4a2_76w_sherman","usa_m4a2_sherman_1944.grp"
"18","dwODhyNoNQ837420","isu122","https://wiki.warthunder.com/unit/ussr_isu_122","ussr_isu_152.grp"
"19","dYkSLfxWUN158140","黑豹g","https://wiki.warthunder.com/unit/germ_pzkpfw_V_ausf_g_panther","germ_pzkpfw_v_ausf_g_panther.grp"
"20","EpQlXdSQcr400165","kv1e","https://wiki.warthunder.com/unit/ussr_kv_1e","ussr_kv_1e.grp"
"21","eqbqICaCOr301752","kv1e（德国）","https://wiki.warthunder.com/unit/germ_kv_1B_finland",""
"22","EQLcHxEAXy265141","m4a3e2（76）","https://wiki.warthunder.com/unit/us_m4a3e2_76w_sherman_jumbo","usa_m4a3e2_sherman_jumbo.grp"
"23","ERhRcqycEL241564","kv1e（芬兰）","https://wiki.warthunder.com/unit/germ_kv_1B_finland",""
"24","EVpBTfDmzZ476815","bt7","https://wiki.warthunder.com/unit/ussr_bt_7_1937","ussr_bt_7.grp"
"25","ezjaVmqfBk166853","t34-76(德国）","https://wiki.warthunder.com/unit/germ_t_34_747","germ_t_34_747.grp"
"26","FAXwzMzZhz803796","asu85","https://wiki.warthunder.com/unit/ussr_asu_85","ussr_asu_85.grp"
"27","fBOjisHmiy607175","plz05","https://wiki.warthunder.com/unit/cn_plz_05","cn_plz_05.grp"
"28","FfwkOUywUA568623","m4","https://wiki.warthunder.com/unit/us_m4_sherman","usa_m4_sherman_late.grp"
"29","fMpCnbteuM210809","豹2k","https://wiki.warthunder.com/unit/germ_leopard_2k","germ_leopard_2k.grp"
"30","fPutsrAqTN343132","kv2(德国）","https://wiki.warthunder.com/unit/germ_kv_2_754r",""
"31","fXGlOnWwhy794514","t72b","https://wiki.warthunder.com/unit/ussr_t_72b","ussr_t_72b.grp"
"32","gaJZdFgLTf695150","t80b","https://wiki.warthunder.com/unit/ussr_t_80b","ussr_t_80b.grp"
"33","GBEzvSlZEf270511","16式","https://wiki.warthunder.com/unit/jp_type_16_mcv_prot","jp_type_16_mcv.grp"
"34","gBMzjTDBaZ229541","sd.Kfz234/4","https://wiki.warthunder.com/unit/germ_sdkfz_234_4","germ_sdkfz_234_4.grp"
"35","GgKPLteHtu306205","黑豹II","https://wiki.warthunder.com/unit/germ_panther_II","germ_pzkpfw_v_panther_ii.grp"
"36","gGQLPCPUWl902098","kv1（德国）","https://wiki.warthunder.com/unit/ussr_kv_1_L_11",""
"37","gKmhipdBaS696303","t34（1942）","https://wiki.warthunder.com/unit/ussr_t_34_1942","ussr_t_34_1942.grp"
"38","gQhrudtAZs935548","t64b","https://wiki.warthunder.com/unit/ussr_t_64_b_1984","ussr_t_64_b.grp"
"39","guijDXSWTf298463","黑豹原型车","https://wiki.warthunder.com/unit/germ_vk_3002m","germ_vk_3002m.grp"
"40","hKwbBctAwB126758","bmp2m","https://wiki.warthunder.com/unit/ussr_bmp_2m",""
"41","HTJwKMGQfp564722","m1a2","https://wiki.warthunder.com/unit/us_m1a2_abrams","usa_m1a2_abrams.grp"
"42","iExggWIStn745984","豹1","https://wiki.warthunder.com/unit/germ_leopard_I","germ_leopard_1.grp"
"43","IgoDOVtjny286147","豹1a5","https://wiki.warthunder.com/unit/germ_leopard_1a5","germ_leopard_1a5.grp"
"44","imLLNWJvCm745488","t80u","https://wiki.warthunder.com/unit/ussr_t_80u","ussr_t_80u.grp"
"45","IPDOjzKDIZ526426","反坦克短导弹","",""
"46","iTpcUXDRTe953231","豹2a7","https://wiki.warthunder.com/unit/germ_leopard_2a7v","germ_leopard_2a7v.grp"
"47","IwnfLofTNV936851","t80bvm","https://wiki.warthunder.com/unit/ussr_t_80bvm","ussr_t_80bvm.grp"
"48","IYbjbUlQat694129","kv1（早）","https://wiki.warthunder.com/unit/ussr_kv_1_l_11","ussr_kv_1_l_11.grp"
"49","jElsrLBWfk537760","克伦威尔1","https://wiki.warthunder.com/unit/uk_a27m_cromwell_1","uk_a27m_cromwell_1.grp"
"50","jIshHuUVYH534647","25mm机炮","",""
"51","JRHqjYLfKH678477","bmpt","https://wiki.warthunder.com/unit/ussr_bmpt_72","ussr_bmpt_72.grp"
"52","JwucNWZNeo521692","t54","https://wiki.warthunder.com/unit/ussr_t_54_1951","ussr_t_54_1951.grp"
"53","JXxEpEZYOt258630","豹2a6","https://wiki.warthunder.com/unit/germ_leopard_2a6","germ_leopard_2a6.grp"
"54","kgOAmtIgiT622643","bt7m","https://wiki.warthunder.com/unit/ussr_bt_7_m","ussr_bt_7m.grp"
"55","KlUkpDHliB577918","三号m","https://wiki.warthunder.com/unit/germ_pzkpfw_III_ausf_M","germ_pzkpfw_iii_ausf_m.grp"
"56","KluoZMAlmy467076","豹2a4","https://wiki.warthunder.com/unit/germ_leopard_2a4","germ_leopard_2a4.grp"
"57","KSSXYDCgkl233806","t34-85","https://wiki.warthunder.com/unit/ussr_t_34_85_zis_53","ussr_t_34_85_zis_53.grp"
"58","KuSPOkxngG289743","m4a3（105）","https://wiki.warthunder.com/unit/us_m4a3_105_sherman","usa_m4_sherman_late.grp"
"59","lcffkQUwyf860113","谢尔曼m4a2（德国）","https://wiki.warthunder.com/unit/us_m4a2_1944_germ","usa_m4a2_sherman_1944.grp"
"60","LeqcVhByUW581558","黑豹g（苏）","https://wiki.warthunder.com/unit/germ_pzkpfw_V_ausf_g_panther","germ_pzkpfw_v_ausf_g_panther.grp"
"61","lhJVnSXfcz712412","虎王","https://wiki.warthunder.com/unit/germ_pzkpfw_VI_ausf_b_tiger_IIh","germ_pzkpfw_vi_ausf_b_tiger_h.grp"
"62","MjbUgYjCFB224780","t64a","https://wiki.warthunder.com/unit/ussr_t_64a_1971","ussr_t_64_a_1971.grp"
"63","MnqIRcALHM302735","t54（东德）","https://wiki.warthunder.com/unit/ussr_t_54_1951","ussr_t_54_1951.grp"
"64","MOQCHOaMgP151855","t90m","https://wiki.warthunder.com/unit/ussr_t_90m_2020","ussr_t_90m.grp"
"65","ndLITUxqLz104280","虎h1","https://wiki.warthunder.com/unit/germ_pzkpfw_VI_ausf_h1_tiger","germ_pzkpfw_vi_ausf_h1_tiger.grp"
"66","nfkUEAYqiL791402","m1a2v2","https://wiki.warthunder.com/unit/us_m1a2_sep2_abrams","usa_m1a2_sep2.grp"
"67","ngahgHbRxQ816258","su100","https://wiki.warthunder.com/unit/ussr_su_100_1945","ussr_su_100.grp"
"68","nGUQhLXOJu474631","豹2pos","https://wiki.warthunder.com/unit/germ_leopard_2a5_pso","germ_leopard_2_pso.grp"
"69","nMQqdcPMvN886387","t95","",""
"70","nssnttVPUN893457","is4m","https://wiki.warthunder.com/unit/ussr_is_4m","ussr_is_4m.grp"
"71","nXuCSCwQyE727763","t55amd1","https://wiki.warthunder.com/unit/ussr_t_55_amd_1","ussr_t_55amd_1.grp"
"72","OdEnBJawqP133228","bt5","https://wiki.warthunder.com/unit/ussr_bt_5","ussr_bt_5.grp"
"73","OGTtnQYzMo639373","t72（东德）","https://wiki.warthunder.com/unit/ussr_t_72a","ussr_t_72a.grp"
"74","OKSBXCzyBS806441","m4a2","https://wiki.warthunder.com/unit/us_m4a2_sherman","usa_m4a2_sherman_1944.grp"
"75","OoiGmmLmYl504522","t55（东德）","https://wiki.warthunder.com/unit/ussr_t_55a","ussr_t_55a.grp"
"76","oOqUudJcZJ650231","t90a","https://wiki.warthunder.com/unit/ussr_t_90a","ussr_t_90a.grp"
"77","PKaBSRuxhd903779","t34-57","https://wiki.warthunder.com/unit/ussr_t_34_1941_57","ussr_t_34_1941.grp"
"78","PnHrcNoqSo560665","m1hc","https://wiki.warthunder.com/unit/us_m1a1_hc_abrams","usa_m1a1_hc_abrams.grp"
"79","PqiZcFHptx855200","m4a1","https://wiki.warthunder.com/unit/us_m4a1_1942_sherman","usa_m4a1_sherman_1942.grp"
"80","PQQsDrQLkZ488978","三号f","https://wiki.warthunder.com/unit/germ_pzkpfw_III_ausf_F","germ_pzkpfw_iii_ausf_f.grp"
"81","PVlrNGBpFE322432","t72m1（东德）","https://wiki.warthunder.com/unit/germ_kpz_t72m1","germ_kpz_t72m1.grp"
"82","qgqFAgQEIv421272","75mm改件","",""
"83","qJiZbKbAVt626480","sd.kfz234/2","https://wiki.warthunder.com/unit/germ_sdkfz_234_2",""
"84","QmhmNeEMQv525029","T34-88炮：虎h1
车身：t34-85","",""
"85","RBXuIALEdk513273","t64a（东德）","https://wiki.warthunder.com/unit/ussr_t_64a_1971","ussr_t_64_a_1971.grp"
"86","rcfDZmwsdv207296","克利安","https://wiki.warthunder.com/unit/germ_flakpanzer_v_coelian",""
"87","ReuLbiuWzO136123","m1a1","https://wiki.warthunder.com/unit/us_m1a1_abrams","usa_m1a1_abrams.grp"
"88","rrwDbbxdas077059","88mm","",""
"89","RTBLKPuAUU067975","kv2（1940）","https://wiki.warthunder.com/unit/ussr_kv_2_1940","ussr_kv_2.grp"
"90","rtFmlVRGOf199561","59d","https://wiki.warthunder.com/unit/cn_type_59d","cn_type_59d.grp"
"91","rtGOzcNphw524407","豹1a1","https://wiki.warthunder.com/unit/germ_leopard_i_a1","germ_leopard_1_a1.grp"
"92","RVrxqeDpow620893","su122","https://wiki.warthunder.com/unit/ussr_su_122","ussr_su_122.grp"
"93","rvTkJBmAAG276460","strv103a","https://wiki.warthunder.com/unit/sw_strv_103a","se_strv_103_0.grp"
"94","SlvgixiyvB010572","三号e","https://wiki.warthunder.com/unit/germ_pzkpfw_III_ausf_E","germ_pzkpfw_iii_ausf_e.grp"
"95","sPJQoFNndh535734","虎e","https://wiki.warthunder.com/unit/germ_pzkpfw_VI_ausf_e_tiger","germ_pzkpfw_vi_ausf_e_tiger.grp"
"96","srXRvpiwgY898366","t72b（东德）","https://wiki.warthunder.com/unit/ussr_t_72b","ussr_t_72b.grp"
"97","sSgPHOQKPV590433","m4a2（76）","https://wiki.warthunder.com/unit/us_m4a2_76w_sherman","usa_m4a2_sherman_1944.grp"
"98","sUqChnzUhD505054","防空导弹","",""
"99","sxHNaajnrB103109","炮45mm","",""
"100","SZIDTxDSlM881951","m4a3e2","https://wiki.warthunder.com/unit/us_m4a3e2_sherman_jumbo","usa_m4a3e2_sherman_jumbo.grp"
"101","tvuCFbSTya926111","t34（1941）","https://wiki.warthunder.com/unit/ussr_t_34_1941","ussr_t_34_1941.grp"
"102","TWLdpaMMHq886489","三号突击炮G","https://wiki.warthunder.com/unit/germ_stug_III_ausf_G","germ_stug_40_ausf_g.grp"
"103","UvekLsNqCV426934","鼠式","https://wiki.warthunder.com/unit/germ_pzkpfw_Maus","germ_pzkpfw_viii_maus.grp"
"104","UyvCcpznjr327597","t80um2","https://wiki.warthunder.com/unit/ussr_t_80um2","ussr_t_80um2.grp"
"105","VAADidrBpH912234","t72b3a","https://wiki.warthunder.com/unit/ussr_t_72b3_arena_m","ussr_t_72b3_arena.grp"
"106","vHKaJtcvcr391587","m1","https://wiki.warthunder.com/unit/us_m1_abrams","usa_m1_abrams.grp"
"107","VHWAeCByUK304876","m4a3（76","https://wiki.warthunder.com/unit/us_m4a3e8_76w_sherman","usa_m4a3e8_76w_sherman.grp"
"108","vulVSejOyb162250","bmp2","https://wiki.warthunder.com/unit/ussr_bmp_2","ussr_bmp_2.grp"
"109","wcjkttFzTB342705","is3","https://wiki.warthunder.com/unit/ussr_is_3","ussr_is_3.grp"
"110","wdfapCueWV829610","豹2a5","https://wiki.warthunder.com/unit/germ_leopard_2a5","germ_leopard_2a5.grp"
"111","WFwUIlqAbJ933903","猎豹","https://wiki.warthunder.com/unit/germ_panzerjager_panther","germ_panzerjager_panther.grp"
"112","WjjbQFKavQ265317","30mm机炮","",""
"113","WlydbvnfBE486703","克伦威尔5","https://wiki.warthunder.com/unit/uk_a27m_cromwell_5","uk_a27m_cromwell_5.grp"
"114","wpYQQtAqrO665861","kv1（芬兰）","https://wiki.warthunder.com/unit/ussr_kv_1_L_11",""
"115","wVMVINEdoM169164","m4a1（76）","https://wiki.warthunder.com/unit/us_m4a1_76w_sherman","usa_m4a1_76w_sherman.grp"
"116","xARwPMaVpD143631","sd.Kfz234/3","https://wiki.warthunder.com/unit/germ_sdkfz_234_3","germ_sdkfz_234_3.grp"
"117","YnAsyvfNJL206928","黑豹f","https://wiki.warthunder.com/unit/germ_pzkpfw_V_ausf_f_panther","germ_pzkpfw_v_ausf_g_panther.grp"
"118","ySTeREVxrG012140","m1128","https://wiki.warthunder.com/unit/us_m1128_mgs","usa_m1128_mgs.grp"
"119","zAhuzOWTZx038235","strv103c","https://wiki.warthunder.com/unit/sw_strv_103c","se_strv_103.grp"
"120","ZnJCDaDRDg491760","t50","https://wiki.warthunder.com/unit/ussr_t_50","ussr_t_50.grp"
"121","ZnmJhRUcFm119428","s300","",""
"122","ZRMhsOYNgq055960","三号突击炮短管","https://wiki.warthunder.com/unit/germ_stug_III_ausf_A","germ_stug_iii_ausf_a.grp"
"123","new_node","胡蜂","https://wiki.warthunder.com/unit/germ_panzerjager_nashorn","germ_panzerjager_nashorn.grp"